Type,Name,Request Count,Failure Count,Median Response Time,Average Response Time,Min Response Time,Max Response Time,Average Content Size,Requests/s,Failures/s,50%,66%,75%,80%,90%,95%,98%,99%,99.9%,99.99%,100%
POST,/predict,876,0,1500.0,1487.5544422123282,81.30100200000001,5143.050422000002,89.6689497716895,7.350263921886858,0.0,1500,1700,1900,1900,2200,2500,2800,3000,5100,5100,5100
,Aggregated,876,0,1500.0,1487.5544422123282,81.30100200000001,5143.050422000002,89.6689497716895,7.350263921886858,0.0,1500,1700,1900,1900,2200,2500,2800,3000,5100,5100,5100
